{"v":"4.8.0","meta":{"g":"LottieFiles AE 1.1.0","a":"","k":"","d":"","tc":""},"fr":30,"ip":0,"op":157,"w":750,"h":750,"nm":"Countdown","ddd":0,"assets":[{"id":"comp_0","layers":[{"ddd":0,"ind":1,"ty":5,"nm":"1","sr":1,"ks":{"o":{"a":1,"k":[{"i":{"x":[0.667],"y":[1]},"o":{"x":[0.333],"y":[0]},"t":120,"s":[0]},{"i":{"x":[0.667],"y":[1]},"o":{"x":[0.333],"y":[0]},"t":126,"s":[100]},{"i":{"x":[0.667],"y":[1]},"o":{"x":[0.333],"y":[0]},"t":137,"s":[100]},{"t":150,"s":[0]}],"ix":11},"r":{"a":0,"k":0,"ix":10},"p":{"a":0,"k":[944,709,0],"ix":2},"a":{"a":0,"k":[-2.74,-21.684,0],"ix":1},"s":{"a":1,"k":[{"i":{"x":[0.273,0.273,0.667],"y":[1,1,1]},"o":{"x":[0.183,0.183,0.333],"y":[0,0,0]},"t":120,"s":[208.134,208.134,100]},{"i":{"x":[0.667,0.667,0.667],"y":[1,1,1]},"o":{"x":[0.333,0.333,0.333],"y":[0,0,0]},"t":137,"s":[1254.134,1254.134,100]},{"t":150,"s":[3014.134,3014.134,100]}],"ix":6}},"ao":0,"t":{"d":{"k":[{"s":{"s":61,"f":"Roboto-Black","t":"1","j":2,"tr":0,"lh":73.2,"ls":0,"fc":[0,0,0]},"t":0}]},"p":{},"m":{"g":1,"a":{"a":0,"k":[0,0],"ix":2}},"a":[]},"ip":120,"op":157,"st":120,"bm":0},{"ddd":0,"ind":2,"ty":5,"nm":"2","sr":1,"ks":{"o":{"a":1,"k":[{"i":{"x":[0.667],"y":[1]},"o":{"x":[0.333],"y":[0]},"t":90,"s":[0]},{"i":{"x":[0.667],"y":[1]},"o":{"x":[0.333],"y":[0]},"t":96,"s":[100]},{"i":{"x":[0.667],"y":[1]},"o":{"x":[0.333],"y":[0]},"t":107,"s":[100]},{"t":120,"s":[0]}],"ix":11},"r":{"a":0,"k":0,"ix":10},"p":{"a":0,"k":[960,709,0],"ix":2},"a":{"a":0,"k":[-0.328,-21.996,0],"ix":1},"s":{"a":1,"k":[{"i":{"x":[0.273,0.273,0.667],"y":[1,1,1]},"o":{"x":[0.183,0.183,0.333],"y":[0,0,0]},"t":90,"s":[208.134,208.134,100]},{"i":{"x":[0.667,0.667,0.667],"y":[1,1,1]},"o":{"x":[0.333,0.333,0.333],"y":[0,0,0]},"t":107,"s":[1254.134,1254.134,100]},{"t":120,"s":[3014.134,3014.134,100]}],"ix":6}},"ao":0,"t":{"d":{"k":[{"s":{"s":61,"f":"Roboto-Black","t":"2","j":2,"tr":0,"lh":73.2,"ls":0,"fc":[0,0,0]},"t":0}]},"p":{},"m":{"g":1,"a":{"a":0,"k":[0,0],"ix":2}},"a":[]},"ip":90,"op":127,"st":90,"bm":0},{"ddd":0,"ind":3,"ty":5,"nm":"3","sr":1,"ks":{"o":{"a":1,"k":[{"i":{"x":[0.667],"y":[1]},"o":{"x":[0.333],"y":[0]},"t":60,"s":[0]},{"i":{"x":[0.667],"y":[1]},"o":{"x":[0.333],"y":[0]},"t":66,"s":[100]},{"i":{"x":[0.667],"y":[1]},"o":{"x":[0.333],"y":[0]},"t":77,"s":[100]},{"t":90,"s":[0]}],"ix":11},"r":{"a":0,"k":0,"ix":10},"p":{"a":0,"k":[960,709,0],"ix":2},"a":{"a":0,"k":[-0.506,-21.698,0],"ix":1},"s":{"a":1,"k":[{"i":{"x":[0.273,0.273,0.667],"y":[1,1,1]},"o":{"x":[0.183,0.183,0.333],"y":[0,0,0]},"t":60,"s":[208.134,208.134,100]},{"i":{"x":[0.667,0.667,0.667],"y":[1,1,1]},"o":{"x":[0.333,0.333,0.333],"y":[0,0,0]},"t":77,"s":[1254.134,1254.134,100]},{"t":90,"s":[3014.134,3014.134,100]}],"ix":6}},"ao":0,"t":{"d":{"k":[{"s":{"s":61,"f":"Roboto-Black","t":"3","j":2,"tr":0,"lh":73.2,"ls":0,"fc":[0,0,0]},"t":0}]},"p":{},"m":{"g":1,"a":{"a":0,"k":[0,0],"ix":2}},"a":[]},"ip":60,"op":97,"st":60,"bm":0},{"ddd":0,"ind":4,"ty":5,"nm":"4","sr":1,"ks":{"o":{"a":1,"k":[{"i":{"x":[0.667],"y":[1]},"o":{"x":[0.333],"y":[0]},"t":30,"s":[0]},{"i":{"x":[0.667],"y":[1]},"o":{"x":[0.333],"y":[0]},"t":36,"s":[100]},{"i":{"x":[0.667],"y":[1]},"o":{"x":[0.333],"y":[0]},"t":47,"s":[100]},{"t":60,"s":[0]}],"ix":11},"r":{"a":0,"k":0,"ix":10},"p":{"a":0,"k":[960,709,0],"ix":2},"a":{"a":0,"k":[0,-21.684,0],"ix":1},"s":{"a":1,"k":[{"i":{"x":[0.273,0.273,0.667],"y":[1,1,1]},"o":{"x":[0.183,0.183,0.333],"y":[0,0,0]},"t":30,"s":[208.134,208.134,100]},{"i":{"x":[0.667,0.667,0.667],"y":[1,1,1]},"o":{"x":[0.333,0.333,0.333],"y":[0,0,0]},"t":47,"s":[1254.134,1254.134,100]},{"t":60,"s":[3014.134,3014.134,100]}],"ix":6}},"ao":0,"t":{"d":{"k":[{"s":{"s":61,"f":"Roboto-Black","t":"4","j":2,"tr":0,"lh":73.2,"ls":0,"fc":[0,0,0]},"t":0}]},"p":{},"m":{"g":1,"a":{"a":0,"k":[0,0],"ix":2}},"a":[]},"ip":30,"op":67,"st":30,"bm":0},{"ddd":0,"ind":5,"ty":5,"nm":"5","sr":1,"ks":{"o":{"a":1,"k":[{"i":{"x":[0.667],"y":[1]},"o":{"x":[0.333],"y":[0]},"t":0,"s":[0]},{"i":{"x":[0.667],"y":[1]},"o":{"x":[0.333],"y":[0]},"t":6,"s":[100]},{"i":{"x":[0.667],"y":[1]},"o":{"x":[0.333],"y":[0]},"t":17,"s":[100]},{"t":30,"s":[0]}],"ix":11},"r":{"a":0,"k":0,"ix":10},"p":{"a":0,"k":[960,709,0],"ix":2},"a":{"a":0,"k":[-0.114,-21.386,0],"ix":1},"s":{"a":1,"k":[{"i":{"x":[0.273,0.273,0.667],"y":[1,1,1]},"o":{"x":[0.183,0.183,0.333],"y":[0,0,0]},"t":0,"s":[208.134,208.134,100]},{"i":{"x":[0.667,0.667,0.667],"y":[1,1,1]},"o":{"x":[0.333,0.333,0.333],"y":[0,0,0]},"t":17,"s":[1254.134,1254.134,100]},{"t":30,"s":[3014.134,3014.134,100]}],"ix":6}},"ao":0,"t":{"d":{"k":[{"s":{"s":61,"f":"Roboto-Black","t":"5","j":2,"tr":0,"lh":73.2,"ls":0,"fc":[0,0,0]},"t":0}]},"p":{},"m":{"g":1,"a":{"a":0,"k":[0,0],"ix":2}},"a":[]},"ip":0,"op":37,"st":0,"bm":0}]}],"fonts":{"list":[{"fName":"Roboto-Black","fFamily":"Roboto","fStyle":"Black","ascent":75}]},"layers":[{"ddd":0,"ind":1,"ty":0,"nm":"Numbers","refId":"comp_0","sr":1,"ks":{"o":{"a":0,"k":100,"ix":11},"r":{"a":0,"k":0,"ix":10},"p":{"a":0,"k":[375,375,0],"ix":2},"a":{"a":0,"k":[960,709,0],"ix":1},"s":{"a":0,"k":[53.6,53.6,100],"ix":6}},"ao":0,"w":1920,"h":1418,"ip":0,"op":157,"st":0,"bm":0}],"markers":[],"chars":[{"ch":"5","size":61,"style":"Black","w":57.91,"data":{"shapes":[{"ty":"gr","it":[{"ind":0,"ty":"sh","ix":1,"ks":{"a":0,"k":{"i":[[0,0],[-3.841,0],[0,-7.568],[5.534,0],[1.497,1.527],[0.163,2.599],[0,0],[-2.214,-3.204],[-3.906,-1.837],[-4.46,0],[-3.679,1.986],[-2.035,3.695],[0,4.558],[3.792,4.183],[7.063,0],[1.904,-0.523],[1.172,-0.687],[0,0],[0,0],[0,0],[0,0],[0,0]],"o":[[1.888,-2.469],[6.77,0],[0,8.186],[-2.441,0],[-1.498,-1.527],[0,0],[-0.033,4.033],[2.213,3.204],[3.906,1.837],[5.013,0],[3.678,-1.985],[2.034,-3.694],[0,-7.552],[-3.793,-4.182],[-1.823,0],[-1.904,0.523],[0,0],[0,0],[0,0],[0,0],[0,0],[0,0]],"v":[[18.408,-31.648],[27.002,-35.352],[37.158,-23.998],[28.857,-11.719],[22.949,-14.009],[20.459,-20.197],[3.955,-20.197],[7.227,-9.342],[16.406,-1.78],[28.955,0.977],[41.992,-2.002],[50.562,-10.522],[53.613,-22.9],[47.925,-40.503],[31.641,-46.777],[26.05,-45.992],[21.436,-44.178],[23.047,-58.301],[51.221,-58.301],[51.221,-71.094],[9.668,-71.094],[5.322,-34.727]],"c":true},"ix":2},"nm":"5","mn":"ADBE Vector Shape - Group","hd":false}],"nm":"5","np":3,"cix":2,"bm":0,"ix":1,"mn":"ADBE Vector Group","hd":false}]},"fFamily":"Roboto"},{"ch":"4","size":61,"style":"Black","w":57.91,"data":{"shapes":[{"ty":"gr","it":[{"ind":0,"ty":"sh","ix":1,"ks":{"a":0,"k":{"i":[[0,0],[0,0],[0,0],[0,0],[0,0],[0,0],[0,0],[0,0],[0,0],[0,0],[0,0],[0,0]],"o":[[0,0],[0,0],[0,0],[0,0],[0,0],[0,0],[0,0],[0,0],[0,0],[0,0],[0,0],[0,0]],"v":[[47.803,-71.094],[31.348,-71.094],[31.348,-70.947],[2.881,-25.146],[3.857,-15.088],[31.348,-15.088],[31.348,0],[47.803,0],[47.803,-15.088],[55.029,-15.088],[55.029,-27.783],[47.803,-27.783]],"c":true},"ix":2},"nm":"4","mn":"ADBE Vector Shape - Group","hd":false},{"ind":1,"ty":"sh","ix":2,"ks":{"a":0,"k":{"i":[[0,0],[0,0],[0,0],[0,0]],"o":[[0,0],[0,0],[0,0],[0,0]],"v":[[30.322,-47.998],[31.348,-49.658],[31.348,-27.783],[18.555,-27.783]],"c":true},"ix":2},"nm":"4","mn":"ADBE Vector Shape - Group","hd":false}],"nm":"4","np":5,"cix":2,"bm":0,"ix":1,"mn":"ADBE Vector Group","hd":false}]},"fFamily":"Roboto"},{"ch":"3","size":61,"style":"Black","w":57.91,"data":{"shapes":[{"ty":"gr","it":[{"ind":0,"ty":"sh","ix":1,"ks":{"a":0,"k":{"i":[[0,0],[0,0],[-1.791,-1.497],[0,-3.58],[1.725,-1.611],[2.897,0],[1.758,1.595],[0,2.181],[0,0],[-2.051,-3.141],[-3.988,-1.774],[-4.655,0],[-4.883,3.809],[0,6.348],[2.148,2.783],[3.776,1.367],[-1.872,2.718],[0,3.06],[4.524,3.613],[7.91,0],[3.694,-1.643],[2.083,-2.93],[0,-3.743],[0,0],[-1.611,1.27],[-2.181,0],[-1.465,-1.481],[0,-2.344],[6.152,0],[0,0]],"o":[[0,0],[3.157,0],[1.79,1.498],[0,2.507],[-1.726,1.611],[-2.572,0],[-1.758,-1.595],[0,0],[0,4.004],[2.051,3.142],[3.987,1.774],[7.942,0],[4.883,-3.809],[0,-4.102],[-2.148,-2.783],[3.58,-1.692],[1.871,-2.718],[0,-6.315],[-4.525,-3.613],[-4.427,0],[-3.695,1.644],[-2.084,2.93],[0,0],[0,-1.888],[1.611,-1.27],[2.669,0],[1.465,1.482],[0,6.023],[0,0],[0,0]],"v":[[19.385,-30.176],[27.393,-30.176],[34.814,-27.93],[37.5,-20.312],[34.912,-14.136],[27.979,-11.719],[21.484,-14.111],[18.848,-19.775],[2.295,-19.775],[5.371,-9.058],[14.429,-1.685],[27.393,0.977],[46.631,-4.736],[53.955,-19.971],[50.732,-30.298],[41.846,-36.523],[50.024,-43.14],[52.832,-51.807],[46.045,-66.699],[27.393,-72.119],[15.21,-69.653],[6.543,-62.793],[3.418,-52.783],[19.873,-52.783],[22.29,-57.52],[27.979,-59.424],[34.18,-57.202],[36.377,-51.465],[27.148,-42.432],[19.385,-42.432]],"c":true},"ix":2},"nm":"3","mn":"ADBE Vector Shape - Group","hd":false}],"nm":"3","np":3,"cix":2,"bm":0,"ix":1,"mn":"ADBE Vector Group","hd":false}]},"fFamily":"Roboto"},{"ch":"2","size":61,"style":"Black","w":57.91,"data":{"shapes":[{"ty":"gr","it":[{"ind":0,"ty":"sh","ix":1,"ks":{"a":0,"k":{"i":[[0,0],[0,0],[0,0],[-2.197,2.914],[-1.042,2.654],[0,2.8],[4.15,3.548],[7.682,0],[3.873,-2.083],[2.18,-3.694],[0,-4.362],[0,0],[-1.562,2.132],[-2.507,0],[-1.335,-1.595],[0,-3.059],[5.631,-6.413],[0,0],[0,0],[0,0]],"o":[[0,0],[0,0],[4.883,-4.883],[2.197,-2.913],[1.041,-2.653],[0,-6.641],[-4.15,-3.548],[-4.785,0],[-3.874,2.084],[-2.181,3.695],[0,0],[0,-3.19],[1.562,-2.132],[2.539,0],[1.334,1.595],[0,3.777],[0,0],[0,0],[0,0],[0,0]],"v":[[53.955,-12.695],[25.977,-12.695],[35.156,-23.291],[45.776,-34.985],[50.635,-43.335],[52.197,-51.514],[45.972,-66.797],[28.223,-72.119],[15.234,-68.994],[6.152,-60.327],[2.881,-48.242],[19.385,-48.242],[21.729,-56.226],[27.832,-59.424],[33.643,-57.031],[35.645,-50.049],[27.197,-34.766],[4.346,-10.742],[4.346,0],[53.955,0]],"c":true},"ix":2},"nm":"2","mn":"ADBE Vector Shape - Group","hd":false}],"nm":"2","np":3,"cix":2,"bm":0,"ix":1,"mn":"ADBE Vector Group","hd":false}]},"fFamily":"Roboto"},{"ch":"1","size":61,"style":"Black","w":57.91,"data":{"shapes":[{"ty":"gr","it":[{"ind":0,"ty":"sh","ix":1,"ks":{"a":0,"k":{"i":[[0,0],[0,0],[0,0],[0,0],[0,0],[0,0],[0,0]],"o":[[0,0],[0,0],[0,0],[0,0],[0,0],[0,0],[0,0]],"v":[[40.82,-71.094],[39.307,-71.094],[8.105,-60.303],[8.105,-47.803],[24.316,-52.539],[24.316,0],[40.82,0]],"c":true},"ix":2},"nm":"1","mn":"ADBE Vector Shape - Group","hd":false}],"nm":"1","np":3,"cix":2,"bm":0,"ix":1,"mn":"ADBE Vector Group","hd":false}]},"fFamily":"Roboto"}]}